[
  {
    "description": "Ochranné pospojování - HOP",
    "standard": "33 2000-5-54 ed.3:2012",
    "article": "542.4"
  },
  {
    "description": "Značení jističů a spínacích prvků",
    "standard": "332000-5-51 ed.3:2022",
    "article": "514.4"
  },
  {
    "description": "Značení vodičů",
    "standard": "332000-5-51 ed.3:2022",
    "article": "514.3"
  },
  {
    "description": "Uzemňovací svorka - pospojování",
    "standard": "33 2000-5-54 ed.3:2012",
    "article": "542.4"
  },
  {
    "description": "Min. průřez ochr. Vodiče",
    "standard": "33 2000-5-54 ed.3:2012",
    "article": "543.1"
  },
  {
    "description": "Spojitost ochranného vodiče",
    "standard": "34 2000-5-54 ed.3:2012",
    "article": "543.3"
  },
  {
    "description": "Průřez vodiče k HOP",
    "standard": "35 2000-5-54 ed.3:2012",
    "article": "544.1"
  },
  {
    "description": "Koupelna - RCD",
    "standard": "332000-7 ed.2:2007",
    "article": "701.415.1"
  },
  {
    "description": "Koupelna - Pospojování",
    "standard": "332000-7 ed.3:2007",
    "article": "701.415.2"
  },
  {
    "description": "Koupelna - umístění spínačů",
    "standard": "332000-7 ed.3:2007",
    "article": "701.512.4"
  },
  {
    "description": "FVE - označení",
    "standard": "332000-7-712",
    "article": "712.514.1"
  },
  {
    "description": "Značení vodičů",
    "standard": "332000-1 ed.2:2009",
    "article": "134.1.3"
  },
  {
    "description": "provozní spolehlivost- svorkovnice, šrouby",
    "standard": "332130 ed 4:2024",
    "article": "4. 1. b)"
  },
  {
    "description": "Splnění izolačního odporu",
    "standard": "ČSN 33 2000-6 ed.2:2017",
    "article": "6.4.3.3"
  },
  {
    "description": "Pospojení neživých částí s ochranným vodičem- 0,1 ohm",
    "standard": "ČSN 330360",
    "article": "6.1"
  },
  {
    "description": "impedance smyčky - X1,5",
    "standard": "ČSN 332000-6 ed.2: 2017",
    "article": "6.4.3.7.3"
  },
  {
    "description": "Zřizování, montáž, pokyny výrobce",
    "standard": "ČSN 332000-1 ed.2:2009",
    "article": "134.1"
  },
  {
    "description": "Šroubové spoje, povolené svorky",
    "standard": "ČSN 332000-1 ed.2:2010",
    "article": "134.1.4"
  },
  {
    "description": "Porušení vlastností zařízení (IP, ochrana apod)",
    "standard": "332000-1 ed.2:2009",
    "article": "134.1.2"
  },
  {
    "description": "Chybějící projektová, provozní dokumentace, protokol o VV ...",
    "standard": "NV 190/2022 Sb. Příloha 2",
    "article": "Část A, odst. 1/2"
  },
  {
    "description": "Špatné uchycení svodů, jímačů apod.",
    "standard": "62305-3 ed. 2",
    "article": "5.5.2 "
  },
  {
    "description": "Porušení krytu rozvaděče apod.",
    "standard": "ČSN 332000 4-41 ",
    "article": "412.2.2"
  },
  {
    "description": "Porušení krytu rozvaděče NN",
    "standard": "ČSN EN 61439-1",
    "article": "8.2.2"
  },
  {
    "description": "Porušení pospojení rozvaděče",
    "standard": "ČSN EN 61439-1",
    "article": "8.4.3.2.2"
  },
  {
    "description": "Silné jištění, slabý vodič",
    "standard": "ČSN 33 2000-5-51 ed. 3:2022",
    "article": "512.1.2"
  }
]